[
  {
    "model": "users.CustomUser",
    "pk": 1,
    "fields": {
      "username": "johndoe",
      "email": "john@example.com",
      "password": "pbkdf2_sha256$600000$xyz123$abc456==",
      "role": "admin",
      "is_active": true,
      "is_staff": false,
      "is_superuser": false,
      "first_name": "John",
      "last_name": "Doe",
      "date_joined": "2024-01-01T09:00:00Z"
    }
  },
  {
    "model": "users.CustomUser",
    "pk": 2,
    "fields": {
      "username": "janedoe",
      "email": "jane@example.com",
      "password": "pbkdf2_sha256$600000$xyz456$def789==",
      "role": "admin",
      "is_active": true,
      "is_staff": false,
      "is_superuser": false,
      "first_name": "Jane",
      "last_name": "Doe",
      "date_joined": "2024-01-01T09:30:00Z"
    }
  },
  {
    "model": "users.CustomUser",
    "pk": 3,
    "fields": {
      "username": "bobsmith",
      "email": "bob@example.com",
      "password": "pbkdf2_sha256$600000$xyz789$ghi012==",
      "role": "user",
      "is_active": true,
      "is_staff": false,
      "is_superuser": false,
      "first_name": "Bob",
      "last_name": "Smith",
      "date_joined": "2024-01-01T10:00:00Z"
    }
  },
  {
    "model": "domain.Domain",
    "pk": "550e8400-e29b-41d4-a716-446655440001",
    "fields": {
      "domain_name": "Machine Learning",
      "description": "Machine learning and neural network libraries",
      "created_at": "2024-01-01T10:00:00Z",
      "published": false,
      "creators": [1, 2]
    }
  },
  {
    "model": "domain.Domain",
    "pk": "550e8400-e29b-41d4-a716-446655440002",
    "fields": {
      "domain_name": "Web Development",
      "description": "Web framework and server libraries",
      "created_at": "2024-01-02T10:00:00Z",
      "published": false,
      "creators": [2]
    }
  },
  {
    "model": "domain.Domain",
    "pk": "550e8400-e29b-41d4-a716-446655440003",
    "fields": {
      "domain_name": "Data Processing",
      "description": "Data manipulation and analysis libraries",
      "created_at": "2024-01-03T10:00:00Z",
      "published": false,
      "creators": [1]
    }
  },
  {
    "model": "metrics.Metric",
    "pk": "550e8400-e29b-41d4-a716-446655550001",
    "fields": {
      "metric_name": "Stars Count",
      "description": "Number of GitHub stars",
      "category": "Popularity",
      "weight": 1.0,
      "value_type": "int",
      "created_at": "2024-01-01T10:00:00Z"
    }
  },
  {
    "model": "metrics.Metric",
    "pk": "550e8400-e29b-41d4-a716-446655550002",
    "fields": {
      "metric_name": "Forks Count",
      "description": "Number of GitHub forks",
      "category": "Popularity",
      "weight": 0.8,
      "value_type": "int",
      "created_at": "2024-01-01T10:00:00Z"
    }
  },
  {
    "model": "metrics.Metric",
    "pk": "550e8400-e29b-41d4-a716-446655550003",
    "fields": {
      "metric_name": "Open Issues Count",
      "description": "Number of open issues",
      "category": "Activity",
      "weight": 0.7,
      "value_type": "int",
      "created_at": "2024-01-01T10:00:00Z"
    }
  },
  {
    "model": "metrics.Metric",
    "pk": "550e8400-e29b-41d4-a716-446655550004",
    "fields": {
      "metric_name": "Code Coverage",
      "description": "Percentage of code covered by tests",
      "category": "Quality",
      "weight": 1.2,
      "value_type": "float",
      "created_at": "2024-01-01T10:00:00Z"
    }
  },
  {
    "model": "metrics.Metric",
    "pk": "550e8400-e29b-41d4-a716-446655550005",
    "fields": {
      "metric_name": "Last Commit Days Ago",
      "description": "Days since last commit",
      "category": "Maintenance",
      "weight": 1.0,
      "value_type": "int",
      "created_at": "2024-01-01T10:00:00Z"
    }
  },
  {
    "model": "metrics.Metric",
    "pk": "550e8400-e29b-41d4-a716-446655550006",
    "fields": {
      "metric_name": "Documentation Score",
      "description": "Quality of documentation (0-100)",
      "category": "Quality",
      "weight": 0.9,
      "value_type": "float",
      "created_at": "2024-01-01T10:00:00Z"
    }
  },
  {
    "model": "libraries.Library",
    "pk": "550e8400-e29b-41d4-a716-446655660001",
    "fields": {
      "domain": "550e8400-e29b-41d4-a716-446655440001",
      "library_name": "TensorFlow",
      "programming_language": "Python",
      "created_at": "2024-01-05T10:00:00Z",
      "url": "https://github.com/tensorflow/tensorflow"
    }
  },
  {
    "model": "libraries.Library",
    "pk": "550e8400-e29b-41d4-a716-446655660002",
    "fields": {
      "domain": "550e8400-e29b-41d4-a716-446655440001",
      "library_name": "PyTorch",
      "programming_language": "Python",
      "created_at": "2024-01-05T10:00:00Z",
      "url": "https://github.com/pytorch/pytorch",
      "analysis_status": "success",
      "analysis_task_id": null,
      "analysis_error": null,
      "analysis_started_at": "2024-01-05T10:00:00Z",
      "analysis_finished_at": "2024-01-05T10:15:00Z"
    }
  },
  {
    "model": "libraries.Library",
    "pk": "550e8400-e29b-41d4-a716-446655660003",
    "fields": {
      "domain": "550e8400-e29b-41d4-a716-446655440001",
      "library_name": "Scikit-learn",
      "programming_language": "Python",
      "created_at": "2024-01-05T10:00:00Z",
      "url": "https://github.com/scikit-learn/scikit-learn",
      "analysis_status": "success",
      "analysis_task_id": null,
      "analysis_error": null,
      "analysis_started_at": "2024-01-05T10:00:00Z",
      "analysis_finished_at": "2024-01-05T10:15:00Z"
    }
  },
  {
    "model": "libraries.Library",
    "pk": "550e8400-e29b-41d4-a716-446655660008",
    "fields": {
      "domain": "550e8400-e29b-41d4-a716-446655440001",
      "library_name": "Keras",
      "programming_language": "Python",
      "created_at": "2024-01-05T11:00:00Z",
      "url": "https://github.com/keras-team/keras",
      "analysis_status": "success",
      "analysis_task_id": null,
      "analysis_error": null,
      "analysis_started_at": "2024-01-05T11:00:00Z",
      "analysis_finished_at": "2024-01-05T11:15:00Z"
    }
  },
  {
    "model": "libraries.Library",
    "pk": "550e8400-e29b-41d4-a716-446655660009",
    "fields": {
      "domain": "550e8400-e29b-41d4-a716-446655440001",
      "library_name": "XGBoost",
      "programming_language": "Python",
      "created_at": "2024-01-05T11:05:00Z",
      "url": "https://github.com/dmlc/xgboost",
      "analysis_status": "success",
      "analysis_task_id": null,
      "analysis_error": null,
      "analysis_started_at": "2024-01-05T11:05:00Z",
      "analysis_finished_at": "2024-01-05T11:20:00Z"
    }
  },
  {
    "model": "libraries.Library",
    "pk": "550e8400-e29b-41d4-a716-446655660010",
    "fields": {
      "domain": "550e8400-e29b-41d4-a716-446655440001",
      "library_name": "LightGBM",
      "programming_language": "Python",
      "created_at": "2024-01-05T11:10:00Z",
      "url": "https://github.com/microsoft/LightGBM",
      "analysis_status": "success",
      "analysis_task_id": null,
      "analysis_error": null,
      "analysis_started_at": "2024-01-05T11:10:00Z",
      "analysis_finished_at": "2024-01-05T11:25:00Z"
    }
  },
  {
    "model": "libraries.Library",
    "pk": "550e8400-e29b-41d4-a716-446655660011",
    "fields": {
      "domain": "550e8400-e29b-41d4-a716-446655440001",
      "library_name": "CatBoost",
      "programming_language": "Python",
      "created_at": "2024-01-05T11:15:00Z",
      "url": "https://github.com/catboost/catboost",
      "analysis_status": "success",
      "analysis_task_id": null,
      "analysis_error": null,
      "analysis_started_at": "2024-01-05T11:15:00Z",
      "analysis_finished_at": "2024-01-05T11:30:00Z"
    }
  },
  {
    "model": "libraries.Library",
    "pk": "550e8400-e29b-41d4-a716-446655660012",
    "fields": {
      "domain": "550e8400-e29b-41d4-a716-446655440001",
      "library_name": "Transformers",
      "programming_language": "Python",
      "created_at": "2024-01-05T11:20:00Z",
      "url": "https://github.com/huggingface/transformers",
      "analysis_status": "success",
      "analysis_task_id": null,
      "analysis_error": null,
      "analysis_started_at": "2024-01-05T11:20:00Z",
      "analysis_finished_at": "2024-01-05T11:35:00Z"
    }
  },
  {
    "model": "libraries.Library",
    "pk": "550e8400-e29b-41d4-a716-446655660013",
    "fields": {
      "domain": "550e8400-e29b-41d4-a716-446655440001",
      "library_name": "MXNet",
      "programming_language": "Python",
      "created_at": "2024-01-05T11:25:00Z",
      "url": "https://github.com/apache/mxnet",
      "analysis_status": "success",
      "analysis_task_id": null,
      "analysis_error": null,
      "analysis_started_at": "2024-01-05T11:25:00Z",
      "analysis_finished_at": "2024-01-05T11:40:00Z"
    }
  },
  {
    "model": "libraries.Library",
    "pk": "550e8400-e29b-41d4-a716-446655660014",
    "fields": {
      "domain": "550e8400-e29b-41d4-a716-446655440001",
      "library_name": "JAX",
      "programming_language": "Python",
      "created_at": "2024-01-05T11:30:00Z",
      "url": "https://github.com/google/jax",
      "analysis_status": "success",
      "analysis_task_id": null,
      "analysis_error": null,
      "analysis_started_at": "2024-01-05T11:30:00Z",
      "analysis_finished_at": "2024-01-05T11:45:00Z"
    }
  },
  {
    "model": "libraries.Library",
    "pk": "550e8400-e29b-41d4-a716-446655660015",
    "fields": {
      "domain": "550e8400-e29b-41d4-a716-446655440001",
      "library_name": "fastai",
      "programming_language": "Python",
      "created_at": "2024-01-05T11:35:00Z",
      "url": "https://github.com/fastai/fastai",
      "analysis_status": "success",
      "analysis_task_id": null,
      "analysis_error": null,
      "analysis_started_at": "2024-01-05T11:35:00Z",
      "analysis_finished_at": "2024-01-05T11:50:00Z"
    }
  },
  {
    "model": "libraries.Library",
    "pk": "550e8400-e29b-41d4-a716-446655660016",
    "fields": {
      "domain": "550e8400-e29b-41d4-a716-446655440001",
      "library_name": "Detectron2",
      "programming_language": "Python",
      "created_at": "2024-01-05T11:40:00Z",
      "url": "https://github.com/facebookresearch/detectron2",
      "analysis_status": "success",
      "analysis_task_id": null,
      "analysis_error": null,
      "analysis_started_at": "2024-01-05T11:40:00Z",
      "analysis_finished_at": "2024-01-05T11:55:00Z"
    }
  },
  {
    "model": "libraries.Library",
    "pk": "550e8400-e29b-41d4-a716-446655660017",
    "fields": {
      "domain": "550e8400-e29b-41d4-a716-446655440001",
      "library_name": "OpenCV",
      "programming_language": "Python",
      "created_at": "2024-01-05T11:45:00Z",
      "url": "https://github.com/opencv/opencv",
      "analysis_status": "success",
      "analysis_task_id": null,
      "analysis_error": null,
      "analysis_started_at": "2024-01-05T11:45:00Z",
      "analysis_finished_at": "2024-01-05T12:00:00Z"
    }
  },
  {
    "model": "libraries.Library",
    "pk": "550e8400-e29b-41d4-a716-446655660018",
    "fields": {
      "domain": "550e8400-e29b-41d4-a716-446655440001",
      "library_name": "Albumentations",
      "programming_language": "Python",
      "created_at": "2024-01-05T11:50:00Z",
      "url": "https://github.com/albumentations-team/albumentations",
      "analysis_status": "success",
      "analysis_task_id": null,
      "analysis_error": null,
      "analysis_started_at": "2024-01-05T11:50:00Z",
      "analysis_finished_at": "2024-01-05T12:05:00Z"
    }
  },
  {
    "model": "libraries.Library",
    "pk": "550e8400-e29b-41d4-a716-446655660019",
    "fields": {
      "domain": "550e8400-e29b-41d4-a716-446655440001",
      "library_name": "Stable-Baselines3",
      "programming_language": "Python",
      "created_at": "2024-01-05T11:55:00Z",
      "url": "https://github.com/DLR-RM/stable-baselines3",
      "analysis_status": "success",
      "analysis_task_id": null,
      "analysis_error": null,
      "analysis_started_at": "2024-01-05T11:55:00Z",
      "analysis_finished_at": "2024-01-05T12:10:00Z"
    }
  },
  {
    "model": "libraries.Library",
    "pk": "550e8400-e29b-41d4-a716-446655660020",
    "fields": {
      "domain": "550e8400-e29b-41d4-a716-446655440001",
      "library_name": "MLflow",
      "programming_language": "Python",
      "created_at": "2024-01-05T12:00:00Z",
      "url": "https://github.com/mlflow/mlflow",
      "analysis_status": "success",
      "analysis_task_id": null,
      "analysis_error": null,
      "analysis_started_at": "2024-01-05T12:00:00Z",
      "analysis_finished_at": "2024-01-05T12:15:00Z"
    }
  },
  {
    "model": "libraries.Library",
    "pk": "550e8400-e29b-41d4-a716-446655660021",
    "fields": {
      "domain": "550e8400-e29b-41d4-a716-446655440001",
      "library_name": "Ray",
      "programming_language": "Python",
      "created_at": "2024-01-05T12:05:00Z",
      "url": "https://github.com/ray-project/ray",
      "analysis_status": "success",
      "analysis_task_id": null,
      "analysis_error": null,
      "analysis_started_at": "2024-01-05T12:05:00Z",
      "analysis_finished_at": "2024-01-05T12:20:00Z"
    }
  },
  {
    "model": "libraries.Library",
    "pk": "550e8400-e29b-41d4-a716-446655660022",
    "fields": {
      "domain": "550e8400-e29b-41d4-a716-446655440001",
      "library_name": "Prophet",
      "programming_language": "Python",
      "created_at": "2024-01-05T12:10:00Z",
      "url": "https://github.com/facebook/prophet",
      "analysis_status": "success",
      "analysis_task_id": null,
      "analysis_error": null,
      "analysis_started_at": "2024-01-05T12:10:00Z",
      "analysis_finished_at": "2024-01-05T12:25:00Z"
    }
  },
  {
    "model": "libraries.Library",
    "pk": "550e8400-e29b-41d4-a716-446655660023",
    "fields": {
      "domain": "550e8400-e29b-41d4-a716-446655440001",
      "library_name": "spaCy",
      "programming_language": "Python",
      "created_at": "2024-01-05T12:15:00Z",
      "url": "https://github.com/explosion/spaCy",
      "analysis_status": "success",
      "analysis_task_id": null,
      "analysis_error": null,
      "analysis_started_at": "2024-01-05T12:15:00Z",
      "analysis_finished_at": "2024-01-05T12:30:00Z"
    }
  },
  {
    "model": "libraries.Library",
    "pk": "550e8400-e29b-41d4-a716-446655660024",
    "fields": {
      "domain": "550e8400-e29b-41d4-a716-446655440001",
      "library_name": "Gensim",
      "programming_language": "Python",
      "created_at": "2024-01-05T12:20:00Z",
      "url": "https://github.com/piskvorky/gensim",
      "analysis_status": "success",
      "analysis_task_id": null,
      "analysis_error": null,
      "analysis_started_at": "2024-01-05T12:20:00Z",
      "analysis_finished_at": "2024-01-05T12:35:00Z"
    }
  },
  {
    "model": "libraries.Library",
    "pk": "550e8400-e29b-41d4-a716-446655660004",
    "fields": {
      "domain": "550e8400-e29b-41d4-a716-446655440002",
      "library_name": "Django",
      "programming_language": "Python",
      "created_at": "2024-01-06T10:00:00Z",
      "url": "https://github.com/django/django",
      "analysis_status": "success",
      "analysis_task_id": null,
      "analysis_error": null,
      "analysis_started_at": "2024-01-06T10:00:00Z",
      "analysis_finished_at": "2024-01-06T10:15:00Z"
    }
  },
  {
    "model": "libraries.Library",
    "pk": "550e8400-e29b-41d4-a716-446655660005",
    "fields": {
      "domain": "550e8400-e29b-41d4-a716-446655440002",
      "library_name": "Flask",
      "programming_language": "Python",
      "created_at": "2024-01-06T10:00:00Z",
      "url": "https://github.com/pallets/flask",
      "analysis_status": "success",
      "analysis_task_id": null,
      "analysis_error": null,
      "analysis_started_at": "2024-01-06T10:00:00Z",
      "analysis_finished_at": "2024-01-06T10:15:00Z"
    }
  },
  {
    "model": "libraries.Library",
    "pk": "550e8400-e29b-41d4-a716-446655660006",
    "fields": {
      "domain": "550e8400-e29b-41d4-a716-446655440003",
      "library_name": "Pandas",
      "programming_language": "Python",
      "created_at": "2024-01-07T10:00:00Z",
      "url": "https://github.com/pandas-dev/pandas",
      "analysis_status": "success",
      "analysis_task_id": null,
      "analysis_error": null,
      "analysis_started_at": "2024-01-07T10:00:00Z",
      "analysis_finished_at": "2024-01-07T10:15:00Z"
    }
  },
  {
    "model": "libraries.Library",
    "pk": "550e8400-e29b-41d4-a716-446655660007",
    "fields": {
      "domain": "550e8400-e29b-41d4-a716-446655440003",
      "library_name": "NumPy",
      "programming_language": "Python",
      "created_at": "2024-01-07T10:00:00Z",
      "url": "https://github.com/numpy/numpy",
      "analysis_status": "success",
      "analysis_task_id": null,
      "analysis_error": null,
      "analysis_started_at": "2024-01-07T10:00:00Z",
      "analysis_finished_at": "2024-01-07T10:15:00Z"
    }
  },
  {
    "model": "library_metric_values.LibraryMetricValue",
    "pk": "550e8400-e29b-41d4-a716-446655770001",
    "fields": {
      "library": "550e8400-e29b-41d4-a716-446655660001",
      "metric": "550e8400-e29b-41d4-a716-446655550001",
      "value": 185000.0,
      "evidence": "Stars from GitHub API",
      "collected_by": "github_crawler",
      "last_modified": "2024-01-10T10:00:00Z"
    }
  },
  {
    "model": "library_metric_values.LibraryMetricValue",
    "pk": "550e8400-e29b-41d4-a716-446655770002",
    "fields": {
      "library": "550e8400-e29b-41d4-a716-446655660001",
      "metric": "550e8400-e29b-41d4-a716-446655550002",
      "value": 45000.0,
      "evidence": "Forks from GitHub API",
      "collected_by": "github_crawler",
      "last_modified": "2024-01-10T10:00:00Z"
    }
  },
  {
    "model": "library_metric_values.LibraryMetricValue",
    "pk": "550e8400-e29b-41d4-a716-446655770003",
    "fields": {
      "library": "550e8400-e29b-41d4-a716-446655660001",
      "metric": "550e8400-e29b-41d4-a716-446655550003",
      "value": 245.0,
      "evidence": "Open issues count",
      "collected_by": "github_crawler",
      "last_modified": "2024-01-10T10:00:00Z"
    }
  },
  {
    "model": "library_metric_values.LibraryMetricValue",
    "pk": "550e8400-e29b-41d4-a716-446655770004",
    "fields": {
      "library": "550e8400-e29b-41d4-a716-446655660001",
      "metric": "550e8400-e29b-41d4-a716-446655550004",
      "value": 87.5,
      "evidence": "Code coverage from CI/CD",
      "collected_by": "ci_analyzer",
      "last_modified": "2024-01-10T10:00:00Z"
    }
  },
  {
    "model": "library_metric_values.LibraryMetricValue",
    "pk": "550e8400-e29b-41d4-a716-446655770005",
    "fields": {
      "library": "550e8400-e29b-41d4-a716-446655660001",
      "metric": "550e8400-e29b-41d4-a716-446655550005",
      "value": 2.0,
      "evidence": "Days since last commit",
      "collected_by": "github_crawler",
      "last_modified": "2024-01-10T10:00:00Z"
    }
  },
  {
    "model": "library_metric_values.LibraryMetricValue",
    "pk": "550e8400-e29b-41d4-a716-446655770006",
    "fields": {
      "library": "550e8400-e29b-41d4-a716-446655660001",
      "metric": "550e8400-e29b-41d4-a716-446655550006",
      "value": 92.0,
      "evidence": "Documentation quality score",
      "collected_by": "doc_analyzer",
      "last_modified": "2024-01-10T10:00:00Z"
    }
  },
  {
    "model": "library_metric_values.LibraryMetricValue",
    "pk": "550e8400-e29b-41d4-a716-446655770007",
    "fields": {
      "library": "550e8400-e29b-41d4-a716-446655660002",
      "metric": "550e8400-e29b-41d4-a716-446655550001",
      "value": 175000.0,
      "evidence": "Stars from GitHub API",
      "collected_by": "github_crawler",
      "last_modified": "2024-01-10T10:00:00Z"
    }
  },
  {
    "model": "library_metric_values.LibraryMetricValue",
    "pk": "550e8400-e29b-41d4-a716-446655770008",
    "fields": {
      "library": "550e8400-e29b-41d4-a716-446655660002",
      "metric": "550e8400-e29b-41d4-a716-446655550002",
      "value": 42000.0,
      "evidence": "Forks from GitHub API",
      "collected_by": "github_crawler",
      "last_modified": "2024-01-10T10:00:00Z"
    }
  },
  {
    "model": "library_metric_values.LibraryMetricValue",
    "pk": "550e8400-e29b-41d4-a716-446655770009",
    "fields": {
      "library": "550e8400-e29b-41d4-a716-446655660002",
      "metric": "550e8400-e29b-41d4-a716-446655550003",
      "value": 189.0,
      "evidence": "Open issues count",
      "collected_by": "github_crawler",
      "last_modified": "2024-01-10T10:00:00Z"
    }
  },
  {
    "model": "library_metric_values.LibraryMetricValue",
    "pk": "550e8400-e29b-41d4-a716-446655770010",
    "fields": {
      "library": "550e8400-e29b-41d4-a716-446655660002",
      "metric": "550e8400-e29b-41d4-a716-446655550004",
      "value": 91.2,
      "evidence": "Code coverage from CI/CD",
      "collected_by": "ci_analyzer",
      "last_modified": "2024-01-10T10:00:00Z"
    }
  },
  {
    "model": "library_metric_values.LibraryMetricValue",
    "pk": "550e8400-e29b-41d4-a716-446655770011",
    "fields": {
      "library": "550e8400-e29b-41d4-a716-446655660002",
      "metric": "550e8400-e29b-41d4-a716-446655550005",
      "value": 1.0,
      "evidence": "Days since last commit",
      "collected_by": "github_crawler",
      "last_modified": "2024-01-10T10:00:00Z"
    }
  },
  {
    "model": "library_metric_values.LibraryMetricValue",
    "pk": "550e8400-e29b-41d4-a716-446655770012",
    "fields": {
      "library": "550e8400-e29b-41d4-a716-446655660002",
      "metric": "550e8400-e29b-41d4-a716-446655550006",
      "value": 88.5,
      "evidence": "Documentation quality score",
      "collected_by": "doc_analyzer",
      "last_modified": "2024-01-10T10:00:00Z"
    }
  },
  {
    "model": "library_metric_values.LibraryMetricValue",
    "pk": "550e8400-e29b-41d4-a716-446655770013",
    "fields": {
      "library": "550e8400-e29b-41d4-a716-446655660003",
      "metric": "550e8400-e29b-41d4-a716-446655550001",
      "value": 95000.0,
      "evidence": "Stars from GitHub API",
      "collected_by": "github_crawler",
      "last_modified": "2024-01-10T10:00:00Z"
    }
  },
  {
    "model": "library_metric_values.LibraryMetricValue",
    "pk": "550e8400-e29b-41d4-a716-446655770014",
    "fields": {
      "library": "550e8400-e29b-41d4-a716-446655660003",
      "metric": "550e8400-e29b-41d4-a716-446655550002",
      "value": 23000.0,
      "evidence": "Forks from GitHub API",
      "collected_by": "github_crawler",
      "last_modified": "2024-01-10T10:00:00Z"
    }
  },
  {
    "model": "library_metric_values.LibraryMetricValue",
    "pk": "550e8400-e29b-41d4-a716-446655770015",
    "fields": {
      "library": "550e8400-e29b-41d4-a716-446655660003",
      "metric": "550e8400-e29b-41d4-a716-446655550003",
      "value": 125.0,
      "evidence": "Open issues count",
      "collected_by": "github_crawler",
      "last_modified": "2024-01-10T10:00:00Z"
    }
  },
  {
    "model": "library_metric_values.LibraryMetricValue",
    "pk": "550e8400-e29b-41d4-a716-446655770016",
    "fields": {
      "library": "550e8400-e29b-41d4-a716-446655660003",
      "metric": "550e8400-e29b-41d4-a716-446655550004",
      "value": 89.7,
      "evidence": "Code coverage from CI/CD",
      "collected_by": "ci_analyzer",
      "last_modified": "2024-01-10T10:00:00Z"
    }
  },
  {
    "model": "library_metric_values.LibraryMetricValue",
    "pk": "550e8400-e29b-41d4-a716-446655770017",
    "fields": {
      "library": "550e8400-e29b-41d4-a716-446655660003",
      "metric": "550e8400-e29b-41d4-a716-446655550005",
      "value": 5.0,
      "evidence": "Days since last commit",
      "collected_by": "github_crawler",
      "last_modified": "2024-01-10T10:00:00Z"
    }
  },
  {
    "model": "library_metric_values.LibraryMetricValue",
    "pk": "550e8400-e29b-41d4-a716-446655770018",
    "fields": {
      "library": "550e8400-e29b-41d4-a716-446655660003",
      "metric": "550e8400-e29b-41d4-a716-446655550006",
      "value": 85.0,
      "evidence": "Documentation quality score",
      "collected_by": "doc_analyzer",
      "last_modified": "2024-01-10T10:00:00Z"
    }
  },
  {
    "model": "library_metric_values.LibraryMetricValue",
    "pk": "550e8400-e29b-41d4-a716-446655770019",
    "fields": {
      "library": "550e8400-e29b-41d4-a716-446655660004",
      "metric": "550e8400-e29b-41d4-a716-446655550001",
      "value": 78000.0,
      "evidence": "Stars from GitHub API",
      "collected_by": "github_crawler",
      "last_modified": "2024-01-10T10:00:00Z"
    }
  },
  {
    "model": "library_metric_values.LibraryMetricValue",
    "pk": "550e8400-e29b-41d4-a716-446655770020",
    "fields": {
      "library": "550e8400-e29b-41d4-a716-446655660004",
      "metric": "550e8400-e29b-41d4-a716-446655550002",
      "value": 18500.0,
      "evidence": "Forks from GitHub API",
      "collected_by": "github_crawler",
      "last_modified": "2024-01-10T10:00:00Z"
    }
  },
  {
    "model": "library_metric_values.LibraryMetricValue",
    "pk": "550e8400-e29b-41d4-a716-446655770021",
    "fields": {
      "library": "550e8400-e29b-41d4-a716-446655660004",
      "metric": "550e8400-e29b-41d4-a716-446655550003",
      "value": 156.0,
      "evidence": "Open issues count",
      "collected_by": "github_crawler",
      "last_modified": "2024-01-10T10:00:00Z"
    }
  },
  {
    "model": "library_metric_values.LibraryMetricValue",
    "pk": "550e8400-e29b-41d4-a716-446655770022",
    "fields": {
      "library": "550e8400-e29b-41d4-a716-446655660004",
      "metric": "550e8400-e29b-41d4-a716-446655550004",
      "value": 94.3,
      "evidence": "Code coverage from CI/CD",
      "collected_by": "ci_analyzer",
      "last_modified": "2024-01-10T10:00:00Z"
    }
  },
  {
    "model": "library_metric_values.LibraryMetricValue",
    "pk": "550e8400-e29b-41d4-a716-446655770023",
    "fields": {
      "library": "550e8400-e29b-41d4-a716-446655660004",
      "metric": "550e8400-e29b-41d4-a716-446655550005",
      "value": 3.0,
      "evidence": "Days since last commit",
      "collected_by": "github_crawler",
      "last_modified": "2024-01-10T10:00:00Z"
    }
  },
  {
    "model": "library_metric_values.LibraryMetricValue",
    "pk": "550e8400-e29b-41d4-a716-446655770024",
    "fields": {
      "library": "550e8400-e29b-41d4-a716-446655660004",
      "metric": "550e8400-e29b-41d4-a716-446655550006",
      "value": 90.0,
      "evidence": "Documentation quality score",
      "collected_by": "doc_analyzer",
      "last_modified": "2024-01-10T10:00:00Z"
    }
  },
  {
    "model": "library_metric_values.LibraryMetricValue",
    "pk": "550e8400-e29b-41d4-a716-446655770025",
    "fields": {
      "library": "550e8400-e29b-41d4-a716-446655660005",
      "metric": "550e8400-e29b-41d4-a716-446655550001",
      "value": 65000.0,
      "evidence": "Stars from GitHub API",
      "collected_by": "github_crawler",
      "last_modified": "2024-01-10T10:00:00Z"
    }
  },
  {
    "model": "library_metric_values.LibraryMetricValue",
    "pk": "550e8400-e29b-41d4-a716-446655770026",
    "fields": {
      "library": "550e8400-e29b-41d4-a716-446655660005",
      "metric": "550e8400-e29b-41d4-a716-446655550002",
      "value": 15500.0,
      "evidence": "Forks from GitHub API",
      "collected_by": "github_crawler",
      "last_modified": "2024-01-10T10:00:00Z"
    }
  },
  {
    "model": "library_metric_values.LibraryMetricValue",
    "pk": "550e8400-e29b-41d4-a716-446655770027",
    "fields": {
      "library": "550e8400-e29b-41d4-a716-446655660005",
      "metric": "550e8400-e29b-41d4-a716-446655550003",
      "value": 98.0,
      "evidence": "Open issues count",
      "collected_by": "github_crawler",
      "last_modified": "2024-01-10T10:00:00Z"
    }
  },
  {
    "model": "library_metric_values.LibraryMetricValue",
    "pk": "550e8400-e29b-41d4-a716-446655770028",
    "fields": {
      "library": "550e8400-e29b-41d4-a716-446655660005",
      "metric": "550e8400-e29b-41d4-a716-446655550004",
      "value": 86.5,
      "evidence": "Code coverage from CI/CD",
      "collected_by": "ci_analyzer",
      "last_modified": "2024-01-10T10:00:00Z"
    }
  },
  {
    "model": "library_metric_values.LibraryMetricValue",
    "pk": "550e8400-e29b-41d4-a716-446655770029",
    "fields": {
      "library": "550e8400-e29b-41d4-a716-446655660005",
      "metric": "550e8400-e29b-41d4-a716-446655550005",
      "value": 7.0,
      "evidence": "Days since last commit",
      "collected_by": "github_crawler",
      "last_modified": "2024-01-10T10:00:00Z"
    }
  },
  {
    "model": "library_metric_values.LibraryMetricValue",
    "pk": "550e8400-e29b-41d4-a716-446655770030",
    "fields": {
      "library": "550e8400-e29b-41d4-a716-446655660005",
      "metric": "550e8400-e29b-41d4-a716-446655550006",
      "value": 82.0,
      "evidence": "Documentation quality score",
      "collected_by": "doc_analyzer",
      "last_modified": "2024-01-10T10:00:00Z"
    }
  },
  {
    "model": "library_metric_values.LibraryMetricValue",
    "pk": "550e8400-e29b-41d4-a716-446655770031",
    "fields": {
      "library": "550e8400-e29b-41d4-a716-446655660006",
      "metric": "550e8400-e29b-41d4-a716-446655550001",
      "value": 120000.0,
      "evidence": "Stars from GitHub API",
      "collected_by": "github_crawler",
      "last_modified": "2024-01-10T10:00:00Z"
    }
  },
  {
    "model": "library_metric_values.LibraryMetricValue",
    "pk": "550e8400-e29b-41d4-a716-446655770032",
    "fields": {
      "library": "550e8400-e29b-41d4-a716-446655660006",
      "metric": "550e8400-e29b-41d4-a716-446655550002",
      "value": 28000.0,
      "evidence": "Forks from GitHub API",
      "collected_by": "github_crawler",
      "last_modified": "2024-01-10T10:00:00Z"
    }
  },
  {
    "model": "library_metric_values.LibraryMetricValue",
    "pk": "550e8400-e29b-41d4-a716-446655770033",
    "fields": {
      "library": "550e8400-e29b-41d4-a716-446655660006",
      "metric": "550e8400-e29b-41d4-a716-446655550003",
      "value": 67.0,
      "evidence": "Open issues count",
      "collected_by": "github_crawler",
      "last_modified": "2024-01-10T10:00:00Z"
    }
  },
  {
    "model": "library_metric_values.LibraryMetricValue",
    "pk": "550e8400-e29b-41d4-a716-446655770034",
    "fields": {
      "library": "550e8400-e29b-41d4-a716-446655660006",
      "metric": "550e8400-e29b-41d4-a716-446655550004",
      "value": 92.1,
      "evidence": "Code coverage from CI/CD",
      "collected_by": "ci_analyzer",
      "last_modified": "2024-01-10T10:00:00Z"
    }
  },
  {
    "model": "library_metric_values.LibraryMetricValue",
    "pk": "550e8400-e29b-41d4-a716-446655770035",
    "fields": {
      "library": "550e8400-e29b-41d4-a716-446655660006",
      "metric": "550e8400-e29b-41d4-a716-446655550005",
      "value": 0.5,
      "evidence": "Days since last commit",
      "collected_by": "github_crawler",
      "last_modified": "2024-01-10T10:00:00Z"
    }
  },
  {
    "model": "library_metric_values.LibraryMetricValue",
    "pk": "550e8400-e29b-41d4-a716-446655770036",
    "fields": {
      "library": "550e8400-e29b-41d4-a716-446655660006",
      "metric": "550e8400-e29b-41d4-a716-446655550006",
      "value": 95.0,
      "evidence": "Documentation quality score",
      "collected_by": "doc_analyzer",
      "last_modified": "2024-01-10T10:00:00Z"
    }
  },
  {
    "model": "library_metric_values.LibraryMetricValue",
    "pk": "550e8400-e29b-41d4-a716-446655770037",
    "fields": {
      "library": "550e8400-e29b-41d4-a716-446655660007",
      "metric": "550e8400-e29b-41d4-a716-446655550001",
      "value": 110000.0,
      "evidence": "Stars from GitHub API",
      "collected_by": "github_crawler",
      "last_modified": "2024-01-10T10:00:00Z"
    }
  },
  {
    "model": "library_metric_values.LibraryMetricValue",
    "pk": "550e8400-e29b-41d4-a716-446655770038",
    "fields": {
      "library": "550e8400-e29b-41d4-a716-446655660007",
      "metric": "550e8400-e29b-41d4-a716-446655550002",
      "value": 26000.0,
      "evidence": "Forks from GitHub API",
      "collected_by": "github_crawler",
      "last_modified": "2024-01-10T10:00:00Z"
    }
  },
  {
    "model": "library_metric_values.LibraryMetricValue",
    "pk": "550e8400-e29b-41d4-a716-446655770039",
    "fields": {
      "library": "550e8400-e29b-41d4-a716-446655660007",
      "metric": "550e8400-e29b-41d4-a716-446655550003",
      "value": 54.0,
      "evidence": "Open issues count",
      "collected_by": "github_crawler",
      "last_modified": "2024-01-10T10:00:00Z"
    }
  },
  {
    "model": "library_metric_values.LibraryMetricValue",
    "pk": "550e8400-e29b-41d4-a716-446655770040",
    "fields": {
      "library": "550e8400-e29b-41d4-a716-446655660007",
      "metric": "550e8400-e29b-41d4-a716-446655550004",
      "value": 88.9,
      "evidence": "Code coverage from CI/CD",
      "collected_by": "ci_analyzer",
      "last_modified": "2024-01-10T10:00:00Z"
    }
  },
  {
    "model": "library_metric_values.LibraryMetricValue",
    "pk": "550e8400-e29b-41d4-a716-446655770041",
    "fields": {
      "library": "550e8400-e29b-41d4-a716-446655660007",
      "metric": "550e8400-e29b-41d4-a716-446655550005",
      "value": 4.0,
      "evidence": "Days since last commit",
      "collected_by": "github_crawler",
      "last_modified": "2024-01-10T10:00:00Z"
    }
  },
  {
    "model": "library_metric_values.LibraryMetricValue",
    "pk": "550e8400-e29b-41d4-a716-446655770042",
    "fields": {
      "library": "550e8400-e29b-41d4-a716-446655660007",
      "metric": "550e8400-e29b-41d4-a716-446655550006",
      "value": 87.5,
      "evidence": "Documentation quality score",
      "collected_by": "doc_analyzer",
      "last_modified": "2024-01-10T10:00:00Z"
    }
  },
  {
    "model": "library_metric_values.LibraryMetricValue",
    "pk": "550e8400-e29b-41d4-a716-446655770043",
    "fields": {
      "library": "550e8400-e29b-41d4-a716-446655660008",
      "metric": "550e8400-e29b-41d4-a716-446655550001",
      "value": 59000.0,
      "evidence": "Stars from GitHub API",
      "collected_by": "github_crawler",
      "last_modified": "2024-01-10T10:00:00Z"
    }
  },
  {
    "model": "library_metric_values.LibraryMetricValue",
    "pk": "550e8400-e29b-41d4-a716-446655770044",
    "fields": {
      "library": "550e8400-e29b-41d4-a716-446655660008",
      "metric": "550e8400-e29b-41d4-a716-446655550002",
      "value": 19000.0,
      "evidence": "Forks from GitHub API",
      "collected_by": "github_crawler",
      "last_modified": "2024-01-10T10:00:00Z"
    }
  },
  {
    "model": "library_metric_values.LibraryMetricValue",
    "pk": "550e8400-e29b-41d4-a716-446655770045",
    "fields": {
      "library": "550e8400-e29b-41d4-a716-446655660008",
      "metric": "550e8400-e29b-41d4-a716-446655550003",
      "value": 340.0,
      "evidence": "Open issues count",
      "collected_by": "github_crawler",
      "last_modified": "2024-01-10T10:00:00Z"
    }
  },
  {
    "model": "library_metric_values.LibraryMetricValue",
    "pk": "550e8400-e29b-41d4-a716-446655770046",
    "fields": {
      "library": "550e8400-e29b-41d4-a716-446655660008",
      "metric": "550e8400-e29b-41d4-a716-446655550004",
      "value": 85.2,
      "evidence": "Code coverage from CI/CD",
      "collected_by": "ci_analyzer",
      "last_modified": "2024-01-10T10:00:00Z"
    }
  },
  {
    "model": "library_metric_values.LibraryMetricValue",
    "pk": "550e8400-e29b-41d4-a716-446655770047",
    "fields": {
      "library": "550e8400-e29b-41d4-a716-446655660008",
      "metric": "550e8400-e29b-41d4-a716-446655550005",
      "value": 4.0,
      "evidence": "Days since last commit",
      "collected_by": "github_crawler",
      "last_modified": "2024-01-10T10:00:00Z"
    }
  },
  {
    "model": "library_metric_values.LibraryMetricValue",
    "pk": "550e8400-e29b-41d4-a716-446655770048",
    "fields": {
      "library": "550e8400-e29b-41d4-a716-446655660008",
      "metric": "550e8400-e29b-41d4-a716-446655550006",
      "value": 88.0,
      "evidence": "Documentation quality score",
      "collected_by": "doc_analyzer",
      "last_modified": "2024-01-10T10:00:00Z"
    }
  },
  {
    "model": "library_metric_values.LibraryMetricValue",
    "pk": "550e8400-e29b-41d4-a716-446655770049",
    "fields": {
      "library": "550e8400-e29b-41d4-a716-446655660009",
      "metric": "550e8400-e29b-41d4-a716-446655550001",
      "value": 26000.0,
      "evidence": "Stars from GitHub API",
      "collected_by": "github_crawler",
      "last_modified": "2024-01-10T10:00:00Z"
    }
  },
  {
    "model": "library_metric_values.LibraryMetricValue",
    "pk": "550e8400-e29b-41d4-a716-446655770050",
    "fields": {
      "library": "550e8400-e29b-41d4-a716-446655660009",
      "metric": "550e8400-e29b-41d4-a716-446655550002",
      "value": 9200.0,
      "evidence": "Forks from GitHub API",
      "collected_by": "github_crawler",
      "last_modified": "2024-01-10T10:00:00Z"
    }
  },
  {
    "model": "library_metric_values.LibraryMetricValue",
    "pk": "550e8400-e29b-41d4-a716-446655770051",
    "fields": {
      "library": "550e8400-e29b-41d4-a716-446655660009",
      "metric": "550e8400-e29b-41d4-a716-446655550003",
      "value": 220.0,
      "evidence": "Open issues count",
      "collected_by": "github_crawler",
      "last_modified": "2024-01-10T10:00:00Z"
    }
  },
  {
    "model": "library_metric_values.LibraryMetricValue",
    "pk": "550e8400-e29b-41d4-a716-446655770052",
    "fields": {
      "library": "550e8400-e29b-41d4-a716-446655660009",
      "metric": "550e8400-e29b-41d4-a716-446655550004",
      "value": 83.1,
      "evidence": "Code coverage from CI/CD",
      "collected_by": "ci_analyzer",
      "last_modified": "2024-01-10T10:00:00Z"
    }
  },
  {
    "model": "library_metric_values.LibraryMetricValue",
    "pk": "550e8400-e29b-41d4-a716-446655770053",
    "fields": {
      "library": "550e8400-e29b-41d4-a716-446655660009",
      "metric": "550e8400-e29b-41d4-a716-446655550005",
      "value": 6.0,
      "evidence": "Days since last commit",
      "collected_by": "github_crawler",
      "last_modified": "2024-01-10T10:00:00Z"
    }
  },
  {
    "model": "library_metric_values.LibraryMetricValue",
    "pk": "550e8400-e29b-41d4-a716-446655770054",
    "fields": {
      "library": "550e8400-e29b-41d4-a716-446655660009",
      "metric": "550e8400-e29b-41d4-a716-446655550006",
      "value": 84.5,
      "evidence": "Documentation quality score",
      "collected_by": "doc_analyzer",
      "last_modified": "2024-01-10T10:00:00Z"
    }
  },
  {
    "model": "library_metric_values.LibraryMetricValue",
    "pk": "550e8400-e29b-41d4-a716-446655770055",
    "fields": {
      "library": "550e8400-e29b-41d4-a716-446655660010",
      "metric": "550e8400-e29b-41d4-a716-446655550001",
      "value": 17000.0,
      "evidence": "Stars from GitHub API",
      "collected_by": "github_crawler",
      "last_modified": "2024-01-10T10:00:00Z"
    }
  },
  {
    "model": "library_metric_values.LibraryMetricValue",
    "pk": "550e8400-e29b-41d4-a716-446655770056",
    "fields": {
      "library": "550e8400-e29b-41d4-a716-446655660010",
      "metric": "550e8400-e29b-41d4-a716-446655550002",
      "value": 4300.0,
      "evidence": "Forks from GitHub API",
      "collected_by": "github_crawler",
      "last_modified": "2024-01-10T10:00:00Z"
    }
  },
  {
    "model": "library_metric_values.LibraryMetricValue",
    "pk": "550e8400-e29b-41d4-a716-446655770057",
    "fields": {
      "library": "550e8400-e29b-41d4-a716-446655660010",
      "metric": "550e8400-e29b-41d4-a716-446655550003",
      "value": 140.0,
      "evidence": "Open issues count",
      "collected_by": "github_crawler",
      "last_modified": "2024-01-10T10:00:00Z"
    }
  },
  {
    "model": "library_metric_values.LibraryMetricValue",
    "pk": "550e8400-e29b-41d4-a716-446655770058",
    "fields": {
      "library": "550e8400-e29b-41d4-a716-446655660010",
      "metric": "550e8400-e29b-41d4-a716-446655550004",
      "value": 81.4,
      "evidence": "Code coverage from CI/CD",
      "collected_by": "ci_analyzer",
      "last_modified": "2024-01-10T10:00:00Z"
    }
  },
  {
    "model": "library_metric_values.LibraryMetricValue",
    "pk": "550e8400-e29b-41d4-a716-446655770059",
    "fields": {
      "library": "550e8400-e29b-41d4-a716-446655660010",
      "metric": "550e8400-e29b-41d4-a716-446655550005",
      "value": 5.0,
      "evidence": "Days since last commit",
      "collected_by": "github_crawler",
      "last_modified": "2024-01-10T10:00:00Z"
    }
  },
  {
    "model": "library_metric_values.LibraryMetricValue",
    "pk": "550e8400-e29b-41d4-a716-446655770060",
    "fields": {
      "library": "550e8400-e29b-41d4-a716-446655660010",
      "metric": "550e8400-e29b-41d4-a716-446655550006",
      "value": 82.0,
      "evidence": "Documentation quality score",
      "collected_by": "doc_analyzer",
      "last_modified": "2024-01-10T10:00:00Z"
    }
  },
  {
    "model": "library_metric_values.LibraryMetricValue",
    "pk": "550e8400-e29b-41d4-a716-446655770061",
    "fields": {
      "library": "550e8400-e29b-41d4-a716-446655660011",
      "metric": "550e8400-e29b-41d4-a716-446655550001",
      "value": 8000.0,
      "evidence": "Stars from GitHub API",
      "collected_by": "github_crawler",
      "last_modified": "2024-01-10T10:00:00Z"
    }
  },
  {
    "model": "library_metric_values.LibraryMetricValue",
    "pk": "550e8400-e29b-41d4-a716-446655770062",
    "fields": {
      "library": "550e8400-e29b-41d4-a716-446655660011",
      "metric": "550e8400-e29b-41d4-a716-446655550002",
      "value": 1200.0,
      "evidence": "Forks from GitHub API",
      "collected_by": "github_crawler",
      "last_modified": "2024-01-10T10:00:00Z"
    }
  },
  {
    "model": "library_metric_values.LibraryMetricValue",
    "pk": "550e8400-e29b-41d4-a716-446655770063",
    "fields": {
      "library": "550e8400-e29b-41d4-a716-446655660011",
      "metric": "550e8400-e29b-41d4-a716-446655550003",
      "value": 90.0,
      "evidence": "Open issues count",
      "collected_by": "github_crawler",
      "last_modified": "2024-01-10T10:00:00Z"
    }
  },
  {
    "model": "library_metric_values.LibraryMetricValue",
    "pk": "550e8400-e29b-41d4-a716-446655770064",
    "fields": {
      "library": "550e8400-e29b-41d4-a716-446655660011",
      "metric": "550e8400-e29b-41d4-a716-446655550004",
      "value": 79.5,
      "evidence": "Code coverage from CI/CD",
      "collected_by": "ci_analyzer",
      "last_modified": "2024-01-10T10:00:00Z"
    }
  },
  {
    "model": "library_metric_values.LibraryMetricValue",
    "pk": "550e8400-e29b-41d4-a716-446655770065",
    "fields": {
      "library": "550e8400-e29b-41d4-a716-446655660011",
      "metric": "550e8400-e29b-41d4-a716-446655550005",
      "value": 7.0,
      "evidence": "Days since last commit",
      "collected_by": "github_crawler",
      "last_modified": "2024-01-10T10:00:00Z"
    }
  },
  {
    "model": "library_metric_values.LibraryMetricValue",
    "pk": "550e8400-e29b-41d4-a716-446655770066",
    "fields": {
      "library": "550e8400-e29b-41d4-a716-446655660011",
      "metric": "550e8400-e29b-41d4-a716-446655550006",
      "value": 80.0,
      "evidence": "Documentation quality score",
      "collected_by": "doc_analyzer",
      "last_modified": "2024-01-10T10:00:00Z"
    }
  },
  {
    "model": "library_metric_values.LibraryMetricValue",
    "pk": "550e8400-e29b-41d4-a716-446655770067",
    "fields": {
      "library": "550e8400-e29b-41d4-a716-446655660012",
      "metric": "550e8400-e29b-41d4-a716-446655550001",
      "value": 125000.0,
      "evidence": "Stars from GitHub API",
      "collected_by": "github_crawler",
      "last_modified": "2024-01-10T10:00:00Z"
    }
  },
  {
    "model": "library_metric_values.LibraryMetricValue",
    "pk": "550e8400-e29b-41d4-a716-446655770068",
    "fields": {
      "library": "550e8400-e29b-41d4-a716-446655660012",
      "metric": "550e8400-e29b-41d4-a716-446655550002",
      "value": 25000.0,
      "evidence": "Forks from GitHub API",
      "collected_by": "github_crawler",
      "last_modified": "2024-01-10T10:00:00Z"
    }
  },
  {
    "model": "library_metric_values.LibraryMetricValue",
    "pk": "550e8400-e29b-41d4-a716-446655770069",
    "fields": {
      "library": "550e8400-e29b-41d4-a716-446655660012",
      "metric": "550e8400-e29b-41d4-a716-446655550003",
      "value": 600.0,
      "evidence": "Open issues count",
      "collected_by": "github_crawler",
      "last_modified": "2024-01-10T10:00:00Z"
    }
  },
  {
    "model": "library_metric_values.LibraryMetricValue",
    "pk": "550e8400-e29b-41d4-a716-446655770070",
    "fields": {
      "library": "550e8400-e29b-41d4-a716-446655660012",
      "metric": "550e8400-e29b-41d4-a716-446655550004",
      "value": 86.7,
      "evidence": "Code coverage from CI/CD",
      "collected_by": "ci_analyzer",
      "last_modified": "2024-01-10T10:00:00Z"
    }
  },
  {
    "model": "library_metric_values.LibraryMetricValue",
    "pk": "550e8400-e29b-41d4-a716-446655770071",
    "fields": {
      "library": "550e8400-e29b-41d4-a716-446655660012",
      "metric": "550e8400-e29b-41d4-a716-446655550005",
      "value": 2.0,
      "evidence": "Days since last commit",
      "collected_by": "github_crawler",
      "last_modified": "2024-01-10T10:00:00Z"
    }
  },
  {
    "model": "library_metric_values.LibraryMetricValue",
    "pk": "550e8400-e29b-41d4-a716-446655770072",
    "fields": {
      "library": "550e8400-e29b-41d4-a716-446655660012",
      "metric": "550e8400-e29b-41d4-a716-446655550006",
      "value": 91.0,
      "evidence": "Documentation quality score",
      "collected_by": "doc_analyzer",
      "last_modified": "2024-01-10T10:00:00Z"
    }
  },
  {
    "model": "library_metric_values.LibraryMetricValue",
    "pk": "550e8400-e29b-41d4-a716-446655770073",
    "fields": {
      "library": "550e8400-e29b-41d4-a716-446655660013",
      "metric": "550e8400-e29b-41d4-a716-446655550001",
      "value": 21000.0,
      "evidence": "Stars from GitHub API",
      "collected_by": "github_crawler",
      "last_modified": "2024-01-10T10:00:00Z"
    }
  },
  {
    "model": "library_metric_values.LibraryMetricValue",
    "pk": "550e8400-e29b-41d4-a716-446655770074",
    "fields": {
      "library": "550e8400-e29b-41d4-a716-446655660013",
      "metric": "550e8400-e29b-41d4-a716-446655550002",
      "value": 7400.0,
      "evidence": "Forks from GitHub API",
      "collected_by": "github_crawler",
      "last_modified": "2024-01-10T10:00:00Z"
    }
  },
  {
    "model": "library_metric_values.LibraryMetricValue",
    "pk": "550e8400-e29b-41d4-a716-446655770075",
    "fields": {
      "library": "550e8400-e29b-41d4-a716-446655660013",
      "metric": "550e8400-e29b-41d4-a716-446655550003",
      "value": 180.0,
      "evidence": "Open issues count",
      "collected_by": "github_crawler",
      "last_modified": "2024-01-10T10:00:00Z"
    }
  },
  {
    "model": "library_metric_values.LibraryMetricValue",
    "pk": "550e8400-e29b-41d4-a716-446655770076",
    "fields": {
      "library": "550e8400-e29b-41d4-a716-446655660013",
      "metric": "550e8400-e29b-41d4-a716-446655550004",
      "value": 78.9,
      "evidence": "Code coverage from CI/CD",
      "collected_by": "ci_analyzer",
      "last_modified": "2024-01-10T10:00:00Z"
    }
  },
  {
    "model": "library_metric_values.LibraryMetricValue",
    "pk": "550e8400-e29b-41d4-a716-446655770077",
    "fields": {
      "library": "550e8400-e29b-41d4-a716-446655660013",
      "metric": "550e8400-e29b-41d4-a716-446655550005",
      "value": 12.0,
      "evidence": "Days since last commit",
      "collected_by": "github_crawler",
      "last_modified": "2024-01-10T10:00:00Z"
    }
  },
  {
    "model": "library_metric_values.LibraryMetricValue",
    "pk": "550e8400-e29b-41d4-a716-446655770078",
    "fields": {
      "library": "550e8400-e29b-41d4-a716-446655660013",
      "metric": "550e8400-e29b-41d4-a716-446655550006",
      "value": 79.0,
      "evidence": "Documentation quality score",
      "collected_by": "doc_analyzer",
      "last_modified": "2024-01-10T10:00:00Z"
    }
  },
  {
    "model": "library_metric_values.LibraryMetricValue",
    "pk": "550e8400-e29b-41d4-a716-446655770079",
    "fields": {
      "library": "550e8400-e29b-41d4-a716-446655660014",
      "metric": "550e8400-e29b-41d4-a716-446655550001",
      "value": 26000.0,
      "evidence": "Stars from GitHub API",
      "collected_by": "github_crawler",
      "last_modified": "2024-01-10T10:00:00Z"
    }
  },
  {
    "model": "library_metric_values.LibraryMetricValue",
    "pk": "550e8400-e29b-41d4-a716-446655770080",
    "fields": {
      "library": "550e8400-e29b-41d4-a716-446655660014",
      "metric": "550e8400-e29b-41d4-a716-446655550002",
      "value": 2700.0,
      "evidence": "Forks from GitHub API",
      "collected_by": "github_crawler",
      "last_modified": "2024-01-10T10:00:00Z"
    }
  },
  {
    "model": "library_metric_values.LibraryMetricValue",
    "pk": "550e8400-e29b-41d4-a716-446655770081",
    "fields": {
      "library": "550e8400-e29b-41d4-a716-446655660014",
      "metric": "550e8400-e29b-41d4-a716-446655550003",
      "value": 150.0,
      "evidence": "Open issues count",
      "collected_by": "github_crawler",
      "last_modified": "2024-01-10T10:00:00Z"
    }
  },
  {
    "model": "library_metric_values.LibraryMetricValue",
    "pk": "550e8400-e29b-41d4-a716-446655770082",
    "fields": {
      "library": "550e8400-e29b-41d4-a716-446655660014",
      "metric": "550e8400-e29b-41d4-a716-446655550004",
      "value": 84.0,
      "evidence": "Code coverage from CI/CD",
      "collected_by": "ci_analyzer",
      "last_modified": "2024-01-10T10:00:00Z"
    }
  },
  {
    "model": "library_metric_values.LibraryMetricValue",
    "pk": "550e8400-e29b-41d4-a716-446655770083",
    "fields": {
      "library": "550e8400-e29b-41d4-a716-446655660014",
      "metric": "550e8400-e29b-41d4-a716-446655550005",
      "value": 3.0,
      "evidence": "Days since last commit",
      "collected_by": "github_crawler",
      "last_modified": "2024-01-10T10:00:00Z"
    }
  },
  {
    "model": "library_metric_values.LibraryMetricValue",
    "pk": "550e8400-e29b-41d4-a716-446655770084",
    "fields": {
      "library": "550e8400-e29b-41d4-a716-446655660014",
      "metric": "550e8400-e29b-41d4-a716-446655550006",
      "value": 86.5,
      "evidence": "Documentation quality score",
      "collected_by": "doc_analyzer",
      "last_modified": "2024-01-10T10:00:00Z"
    }
  },
  {
    "model": "library_metric_values.LibraryMetricValue",
    "pk": "550e8400-e29b-41d4-a716-446655770085",
    "fields": {
      "library": "550e8400-e29b-41d4-a716-446655660015",
      "metric": "550e8400-e29b-41d4-a716-446655550001",
      "value": 24000.0,
      "evidence": "Stars from GitHub API",
      "collected_by": "github_crawler",
      "last_modified": "2024-01-10T10:00:00Z"
    }
  },
  {
    "model": "library_metric_values.LibraryMetricValue",
    "pk": "550e8400-e29b-41d4-a716-446655770086",
    "fields": {
      "library": "550e8400-e29b-41d4-a716-446655660015",
      "metric": "550e8400-e29b-41d4-a716-446655550002",
      "value": 6200.0,
      "evidence": "Forks from GitHub API",
      "collected_by": "github_crawler",
      "last_modified": "2024-01-10T10:00:00Z"
    }
  },
  {
    "model": "library_metric_values.LibraryMetricValue",
    "pk": "550e8400-e29b-41d4-a716-446655770087",
    "fields": {
      "library": "550e8400-e29b-41d4-a716-446655660015",
      "metric": "550e8400-e29b-41d4-a716-446655550003",
      "value": 210.0,
      "evidence": "Open issues count",
      "collected_by": "github_crawler",
      "last_modified": "2024-01-10T10:00:00Z"
    }
  },
  {
    "model": "library_metric_values.LibraryMetricValue",
    "pk": "550e8400-e29b-41d4-a716-446655770088",
    "fields": {
      "library": "550e8400-e29b-41d4-a716-446655660015",
      "metric": "550e8400-e29b-41d4-a716-446655550004",
      "value": 84.1,
      "evidence": "Code coverage from CI/CD",
      "collected_by": "ci_analyzer",
      "last_modified": "2024-01-10T10:00:00Z"
    }
  },
  {
    "model": "library_metric_values.LibraryMetricValue",
    "pk": "550e8400-e29b-41d4-a716-446655770089",
    "fields": {
      "library": "550e8400-e29b-41d4-a716-446655660015",
      "metric": "550e8400-e29b-41d4-a716-446655550005",
      "value": 3.0,
      "evidence": "Days since last commit",
      "collected_by": "github_crawler",
      "last_modified": "2024-01-10T10:00:00Z"
    }
  },
  {
    "model": "library_metric_values.LibraryMetricValue",
    "pk": "550e8400-e29b-41d4-a716-446655770090",
    "fields": {
      "library": "550e8400-e29b-41d4-a716-446655660015",
      "metric": "550e8400-e29b-41d4-a716-446655550006",
      "value": 86.0,
      "evidence": "Documentation quality score",
      "collected_by": "doc_analyzer",
      "last_modified": "2024-01-10T10:00:00Z"
    }
  },
  {
    "model": "library_metric_values.LibraryMetricValue",
    "pk": "550e8400-e29b-41d4-a716-446655770091",
    "fields": {
      "library": "550e8400-e29b-41d4-a716-446655660016",
      "metric": "550e8400-e29b-41d4-a716-446655550001",
      "value": 28000.0,
      "evidence": "Stars from GitHub API",
      "collected_by": "github_crawler",
      "last_modified": "2024-01-10T10:00:00Z"
    }
  },
  {
    "model": "library_metric_values.LibraryMetricValue",
    "pk": "550e8400-e29b-41d4-a716-446655770092",
    "fields": {
      "library": "550e8400-e29b-41d4-a716-446655660016",
      "metric": "550e8400-e29b-41d4-a716-446655550002",
      "value": 8200.0,
      "evidence": "Forks from GitHub API",
      "collected_by": "github_crawler",
      "last_modified": "2024-01-10T10:00:00Z"
    }
  },
  {
    "model": "library_metric_values.LibraryMetricValue",
    "pk": "550e8400-e29b-41d4-a716-446655770093",
    "fields": {
      "library": "550e8400-e29b-41d4-a716-446655660016",
      "metric": "550e8400-e29b-41d4-a716-446655550003",
      "value": 320.0,
      "evidence": "Open issues count",
      "collected_by": "github_crawler",
      "last_modified": "2024-01-10T10:00:00Z"
    }
  },
  {
    "model": "library_metric_values.LibraryMetricValue",
    "pk": "550e8400-e29b-41d4-a716-446655770094",
    "fields": {
      "library": "550e8400-e29b-41d4-a716-446655660016",
      "metric": "550e8400-e29b-41d4-a716-446655550004",
      "value": 83.5,
      "evidence": "Code coverage from CI/CD",
      "collected_by": "ci_analyzer",
      "last_modified": "2024-01-10T10:00:00Z"
    }
  },
  {
    "model": "library_metric_values.LibraryMetricValue",
    "pk": "550e8400-e29b-41d4-a716-446655770095",
    "fields": {
      "library": "550e8400-e29b-41d4-a716-446655660016",
      "metric": "550e8400-e29b-41d4-a716-446655550005",
      "value": 4.0,
      "evidence": "Days since last commit",
      "collected_by": "github_crawler",
      "last_modified": "2024-01-10T10:00:00Z"
    }
  },
  {
    "model": "library_metric_values.LibraryMetricValue",
    "pk": "550e8400-e29b-41d4-a716-446655770096",
    "fields": {
      "library": "550e8400-e29b-41d4-a716-446655660016",
      "metric": "550e8400-e29b-41d4-a716-446655550006",
      "value": 82.5,
      "evidence": "Documentation quality score",
      "collected_by": "doc_analyzer",
      "last_modified": "2024-01-10T10:00:00Z"
    }
  },
  {
    "model": "library_metric_values.LibraryMetricValue",
    "pk": "550e8400-e29b-41d4-a716-446655770097",
    "fields": {
      "library": "550e8400-e29b-41d4-a716-446655660017",
      "metric": "550e8400-e29b-41d4-a716-446655550001",
      "value": 76000.0,
      "evidence": "Stars from GitHub API",
      "collected_by": "github_crawler",
      "last_modified": "2024-01-10T10:00:00Z"
    }
  },
  {
    "model": "library_metric_values.LibraryMetricValue",
    "pk": "550e8400-e29b-41d4-a716-446655770098",
    "fields": {
      "library": "550e8400-e29b-41d4-a716-446655660017",
      "metric": "550e8400-e29b-41d4-a716-446655550002",
      "value": 24000.0,
      "evidence": "Forks from GitHub API",
      "collected_by": "github_crawler",
      "last_modified": "2024-01-10T10:00:00Z"
    }
  },
  {
    "model": "library_metric_values.LibraryMetricValue",
    "pk": "550e8400-e29b-41d4-a716-446655770099",
    "fields": {
      "library": "550e8400-e29b-41d4-a716-446655660017",
      "metric": "550e8400-e29b-41d4-a716-446655550003",
      "value": 900.0,
      "evidence": "Open issues count",
      "collected_by": "github_crawler",
      "last_modified": "2024-01-10T10:00:00Z"
    }
  },
  {
    "model": "library_metric_values.LibraryMetricValue",
    "pk": "550e8400-e29b-41d4-a716-446655770100",
    "fields": {
      "library": "550e8400-e29b-41d4-a716-446655660017",
      "metric": "550e8400-e29b-41d4-a716-446655550004",
      "value": 78.2,
      "evidence": "Code coverage from CI/CD",
      "collected_by": "ci_analyzer",
      "last_modified": "2024-01-10T10:00:00Z"
    }
  },
  {
    "model": "library_metric_values.LibraryMetricValue",
    "pk": "550e8400-e29b-41d4-a716-446655770101",
    "fields": {
      "library": "550e8400-e29b-41d4-a716-446655660017",
      "metric": "550e8400-e29b-41d4-a716-446655550005",
      "value": 1.0,
      "evidence": "Days since last commit",
      "collected_by": "github_crawler",
      "last_modified": "2024-01-10T10:00:00Z"
    }
  },
  {
    "model": "library_metric_values.LibraryMetricValue",
    "pk": "550e8400-e29b-41d4-a716-446655770102",
    "fields": {
      "library": "550e8400-e29b-41d4-a716-446655660017",
      "metric": "550e8400-e29b-41d4-a716-446655550006",
      "value": 80.0,
      "evidence": "Documentation quality score",
      "collected_by": "doc_analyzer",
      "last_modified": "2024-01-10T10:00:00Z"
    }
  },
  {
    "model": "library_metric_values.LibraryMetricValue",
    "pk": "550e8400-e29b-41d4-a716-446655770103",
    "fields": {
      "library": "550e8400-e29b-41d4-a716-446655660018",
      "metric": "550e8400-e29b-41d4-a716-446655550001",
      "value": 13000.0,
      "evidence": "Stars from GitHub API",
      "collected_by": "github_crawler",
      "last_modified": "2024-01-10T10:00:00Z"
    }
  },
  {
    "model": "library_metric_values.LibraryMetricValue",
    "pk": "550e8400-e29b-41d4-a716-446655770104",
    "fields": {
      "library": "550e8400-e29b-41d4-a716-446655660018",
      "metric": "550e8400-e29b-41d4-a716-446655550002",
      "value": 1700.0,
      "evidence": "Forks from GitHub API",
      "collected_by": "github_crawler",
      "last_modified": "2024-01-10T10:00:00Z"
    }
  },
  {
    "model": "library_metric_values.LibraryMetricValue",
    "pk": "550e8400-e29b-41d4-a716-446655770105",
    "fields": {
      "library": "550e8400-e29b-41d4-a716-446655660018",
      "metric": "550e8400-e29b-41d4-a716-446655550003",
      "value": 120.0,
      "evidence": "Open issues count",
      "collected_by": "github_crawler",
      "last_modified": "2024-01-10T10:00:00Z"
    }
  },
  {
    "model": "library_metric_values.LibraryMetricValue",
    "pk": "550e8400-e29b-41d4-a716-446655770106",
    "fields": {
      "library": "550e8400-e29b-41d4-a716-446655660018",
      "metric": "550e8400-e29b-41d4-a716-446655550004",
      "value": 81.0,
      "evidence": "Code coverage from CI/CD",
      "collected_by": "ci_analyzer",
      "last_modified": "2024-01-10T10:00:00Z"
    }
  },
  {
    "model": "library_metric_values.LibraryMetricValue",
    "pk": "550e8400-e29b-41d4-a716-446655770107",
    "fields": {
      "library": "550e8400-e29b-41d4-a716-446655660018",
      "metric": "550e8400-e29b-41d4-a716-446655550005",
      "value": 5.0,
      "evidence": "Days since last commit",
      "collected_by": "github_crawler",
      "last_modified": "2024-01-10T10:00:00Z"
    }
  },
  {
    "model": "library_metric_values.LibraryMetricValue",
    "pk": "550e8400-e29b-41d4-a716-446655770108",
    "fields": {
      "library": "550e8400-e29b-41d4-a716-446655660018",
      "metric": "550e8400-e29b-41d4-a716-446655550006",
      "value": 84.0,
      "evidence": "Documentation quality score",
      "collected_by": "doc_analyzer",
      "last_modified": "2024-01-10T10:00:00Z"
    }
  },
  {
    "model": "library_metric_values.LibraryMetricValue",
    "pk": "550e8400-e29b-41d4-a716-446655770109",
    "fields": {
      "library": "550e8400-e29b-41d4-a716-446655660019",
      "metric": "550e8400-e29b-41d4-a716-446655550001",
      "value": 23000.0,
      "evidence": "Stars from GitHub API",
      "collected_by": "github_crawler",
      "last_modified": "2024-01-10T10:00:00Z"
    }
  },
  {
    "model": "library_metric_values.LibraryMetricValue",
    "pk": "550e8400-e29b-41d4-a716-446655770110",
    "fields": {
      "library": "550e8400-e29b-41d4-a716-446655660019",
      "metric": "550e8400-e29b-41d4-a716-446655550002",
      "value": 3200.0,
      "evidence": "Forks from GitHub API",
      "collected_by": "github_crawler",
      "last_modified": "2024-01-10T10:00:00Z"
    }
  },
  {
    "model": "library_metric_values.LibraryMetricValue",
    "pk": "550e8400-e29b-41d4-a716-446655770111",
    "fields": {
      "library": "550e8400-e29b-41d4-a716-446655660019",
      "metric": "550e8400-e29b-41d4-a716-446655550003",
      "value": 210.0,
      "evidence": "Open issues count",
      "collected_by": "github_crawler",
      "last_modified": "2024-01-10T10:00:00Z"
    }
  },
  {
    "model": "library_metric_values.LibraryMetricValue",
    "pk": "550e8400-e29b-41d4-a716-446655770112",
    "fields": {
      "library": "550e8400-e29b-41d4-a716-446655660019",
      "metric": "550e8400-e29b-41d4-a716-446655550004",
      "value": 82.7,
      "evidence": "Code coverage from CI/CD",
      "collected_by": "ci_analyzer",
      "last_modified": "2024-01-10T10:00:00Z"
    }
  },
  {
    "model": "library_metric_values.LibraryMetricValue",
    "pk": "550e8400-e29b-41d4-a716-446655770113",
    "fields": {
      "library": "550e8400-e29b-41d4-a716-446655660019",
      "metric": "550e8400-e29b-41d4-a716-446655550005",
      "value": 6.0,
      "evidence": "Days since last commit",
      "collected_by": "github_crawler",
      "last_modified": "2024-01-10T10:00:00Z"
    }
  },
  {
    "model": "library_metric_values.LibraryMetricValue",
    "pk": "550e8400-e29b-41d4-a716-446655770114",
    "fields": {
      "library": "550e8400-e29b-41d4-a716-446655660019",
      "metric": "550e8400-e29b-41d4-a716-446655550006",
      "value": 83.5,
      "evidence": "Documentation quality score",
      "collected_by": "doc_analyzer",
      "last_modified": "2024-01-10T10:00:00Z"
    }
  },
  {
    "model": "library_metric_values.LibraryMetricValue",
    "pk": "550e8400-e29b-41d4-a716-446655770115",
    "fields": {
      "library": "550e8400-e29b-41d4-a716-446655660020",
      "metric": "550e8400-e29b-41d4-a716-446655550001",
      "value": 16000.0,
      "evidence": "Stars from GitHub API",
      "collected_by": "github_crawler",
      "last_modified": "2024-01-10T10:00:00Z"
    }
  },
  {
    "model": "library_metric_values.LibraryMetricValue",
    "pk": "550e8400-e29b-41d4-a716-446655770116",
    "fields": {
      "library": "550e8400-e29b-41d4-a716-446655660020",
      "metric": "550e8400-e29b-41d4-a716-446655550002",
      "value": 3500.0,
      "evidence": "Forks from GitHub API",
      "collected_by": "github_crawler",
      "last_modified": "2024-01-10T10:00:00Z"
    }
  },
  {
    "model": "library_metric_values.LibraryMetricValue",
    "pk": "550e8400-e29b-41d4-a716-446655770117",
    "fields": {
      "library": "550e8400-e29b-41d4-a716-446655660020",
      "metric": "550e8400-e29b-41d4-a716-446655550003",
      "value": 280.0,
      "evidence": "Open issues count",
      "collected_by": "github_crawler",
      "last_modified": "2024-01-10T10:00:00Z"
    }
  },
  {
    "model": "library_metric_values.LibraryMetricValue",
    "pk": "550e8400-e29b-41d4-a716-446655770118",
    "fields": {
      "library": "550e8400-e29b-41d4-a716-446655660020",
      "metric": "550e8400-e29b-41d4-a716-446655550004",
      "value": 79.3,
      "evidence": "Code coverage from CI/CD",
      "collected_by": "ci_analyzer",
      "last_modified": "2024-01-10T10:00:00Z"
    }
  },
  {
    "model": "library_metric_values.LibraryMetricValue",
    "pk": "550e8400-e29b-41d4-a716-446655770119",
    "fields": {
      "library": "550e8400-e29b-41d4-a716-446655660020",
      "metric": "550e8400-e29b-41d4-a716-446655550005",
      "value": 2.0,
      "evidence": "Days since last commit",
      "collected_by": "github_crawler",
      "last_modified": "2024-01-10T10:00:00Z"
    }
  },
  {
    "model": "library_metric_values.LibraryMetricValue",
    "pk": "550e8400-e29b-41d4-a716-446655770120",
    "fields": {
      "library": "550e8400-e29b-41d4-a716-446655660020",
      "metric": "550e8400-e29b-41d4-a716-446655550006",
      "value": 81.0,
      "evidence": "Documentation quality score",
      "collected_by": "doc_analyzer",
      "last_modified": "2024-01-10T10:00:00Z"
    }
  },
  {
    "model": "library_metric_values.LibraryMetricValue",
    "pk": "550e8400-e29b-41d4-a716-446655770121",
    "fields": {
      "library": "550e8400-e29b-41d4-a716-446655660021",
      "metric": "550e8400-e29b-41d4-a716-446655550001",
      "value": 30000.0,
      "evidence": "Stars from GitHub API",
      "collected_by": "github_crawler",
      "last_modified": "2024-01-10T10:00:00Z"
    }
  },
  {
    "model": "library_metric_values.LibraryMetricValue",
    "pk": "550e8400-e29b-41d4-a716-446655770122",
    "fields": {
      "library": "550e8400-e29b-41d4-a716-446655660021",
      "metric": "550e8400-e29b-41d4-a716-446655550002",
      "value": 6500.0,
      "evidence": "Forks from GitHub API",
      "collected_by": "github_crawler",
      "last_modified": "2024-01-10T10:00:00Z"
    }
  },
  {
    "model": "library_metric_values.LibraryMetricValue",
    "pk": "550e8400-e29b-41d4-a716-446655770123",
    "fields": {
      "library": "550e8400-e29b-41d4-a716-446655660021",
      "metric": "550e8400-e29b-41d4-a716-446655550003",
      "value": 1400.0,
      "evidence": "Open issues count",
      "collected_by": "github_crawler",
      "last_modified": "2024-01-10T10:00:00Z"
    }
  },
  {
    "model": "library_metric_values.LibraryMetricValue",
    "pk": "550e8400-e29b-41d4-a716-446655770124",
    "fields": {
      "library": "550e8400-e29b-41d4-a716-446655660021",
      "metric": "550e8400-e29b-41d4-a716-446655550004",
      "value": 76.5,
      "evidence": "Code coverage from CI/CD",
      "collected_by": "ci_analyzer",
      "last_modified": "2024-01-10T10:00:00Z"
    }
  },
  {
    "model": "library_metric_values.LibraryMetricValue",
    "pk": "550e8400-e29b-41d4-a716-446655770125",
    "fields": {
      "library": "550e8400-e29b-41d4-a716-446655660021",
      "metric": "550e8400-e29b-41d4-a716-446655550005",
      "value": 2.0,
      "evidence": "Days since last commit",
      "collected_by": "github_crawler",
      "last_modified": "2024-01-10T10:00:00Z"
    }
  },
  {
    "model": "library_metric_values.LibraryMetricValue",
    "pk": "550e8400-e29b-41d4-a716-446655770126",
    "fields": {
      "library": "550e8400-e29b-41d4-a716-446655660021",
      "metric": "550e8400-e29b-41d4-a716-446655550006",
      "value": 78.0,
      "evidence": "Documentation quality score",
      "collected_by": "doc_analyzer",
      "last_modified": "2024-01-10T10:00:00Z"
    }
  },
  {
    "model": "library_metric_values.LibraryMetricValue",
    "pk": "550e8400-e29b-41d4-a716-446655770127",
    "fields": {
      "library": "550e8400-e29b-41d4-a716-446655660022",
      "metric": "550e8400-e29b-41d4-a716-446655550001",
      "value": 19000.0,
      "evidence": "Stars from GitHub API",
      "collected_by": "github_crawler",
      "last_modified": "2024-01-10T10:00:00Z"
    }
  },
  {
    "model": "library_metric_values.LibraryMetricValue",
    "pk": "550e8400-e29b-41d4-a716-446655770128",
    "fields": {
      "library": "550e8400-e29b-41d4-a716-446655660022",
      "metric": "550e8400-e29b-41d4-a716-446655550002",
      "value": 4200.0,
      "evidence": "Forks from GitHub API",
      "collected_by": "github_crawler",
      "last_modified": "2024-01-10T10:00:00Z"
    }
  },
  {
    "model": "library_metric_values.LibraryMetricValue",
    "pk": "550e8400-e29b-41d4-a716-446655770129",
    "fields": {
      "library": "550e8400-e29b-41d4-a716-446655660022",
      "metric": "550e8400-e29b-41d4-a716-446655550003",
      "value": 290.0,
      "evidence": "Open issues count",
      "collected_by": "github_crawler",
      "last_modified": "2024-01-10T10:00:00Z"
    }
  },
  {
    "model": "library_metric_values.LibraryMetricValue",
    "pk": "550e8400-e29b-41d4-a716-446655770130",
    "fields": {
      "library": "550e8400-e29b-41d4-a716-446655660022",
      "metric": "550e8400-e29b-41d4-a716-446655550004",
      "value": 80.2,
      "evidence": "Code coverage from CI/CD",
      "collected_by": "ci_analyzer",
      "last_modified": "2024-01-10T10:00:00Z"
    }
  },
  {
    "model": "library_metric_values.LibraryMetricValue",
    "pk": "550e8400-e29b-41d4-a716-446655770131",
    "fields": {
      "library": "550e8400-e29b-41d4-a716-446655660022",
      "metric": "550e8400-e29b-41d4-a716-446655550005",
      "value": 7.0,
      "evidence": "Days since last commit",
      "collected_by": "github_crawler",
      "last_modified": "2024-01-10T10:00:00Z"
    }
  },
  {
    "model": "library_metric_values.LibraryMetricValue",
    "pk": "550e8400-e29b-41d4-a716-446655770132",
    "fields": {
      "library": "550e8400-e29b-41d4-a716-446655660022",
      "metric": "550e8400-e29b-41d4-a716-446655550006",
      "value": 79.5,
      "evidence": "Documentation quality score",
      "collected_by": "doc_analyzer",
      "last_modified": "2024-01-10T10:00:00Z"
    }
  },
  {
    "model": "library_metric_values.LibraryMetricValue",
    "pk": "550e8400-e29b-41d4-a716-446655770133",
    "fields": {
      "library": "550e8400-e29b-41d4-a716-446655660023",
      "metric": "550e8400-e29b-41d4-a716-446655550001",
      "value": 28000.0,
      "evidence": "Stars from GitHub API",
      "collected_by": "github_crawler",
      "last_modified": "2024-01-10T10:00:00Z"
    }
  },
  {
    "model": "library_metric_values.LibraryMetricValue",
    "pk": "550e8400-e29b-41d4-a716-446655770134",
    "fields": {
      "library": "550e8400-e29b-41d4-a716-446655660023",
      "metric": "550e8400-e29b-41d4-a716-446655550002",
      "value": 4500.0,
      "evidence": "Forks from GitHub API",
      "collected_by": "github_crawler",
      "last_modified": "2024-01-10T10:00:00Z"
    }
  },
  {
    "model": "library_metric_values.LibraryMetricValue",
    "pk": "550e8400-e29b-41d4-a716-446655770135",
    "fields": {
      "library": "550e8400-e29b-41d4-a716-446655660023",
      "metric": "550e8400-e29b-41d4-a716-446655550003",
      "value": 420.0,
      "evidence": "Open issues count",
      "collected_by": "github_crawler",
      "last_modified": "2024-01-10T10:00:00Z"
    }
  },
  {
    "model": "library_metric_values.LibraryMetricValue",
    "pk": "550e8400-e29b-41d4-a716-446655770136",
    "fields": {
      "library": "550e8400-e29b-41d4-a716-446655660023",
      "metric": "550e8400-e29b-41d4-a716-446655550004",
      "value": 83.0,
      "evidence": "Code coverage from CI/CD",
      "collected_by": "ci_analyzer",
      "last_modified": "2024-01-10T10:00:00Z"
    }
  },
  {
    "model": "library_metric_values.LibraryMetricValue",
    "pk": "550e8400-e29b-41d4-a716-446655770137",
    "fields": {
      "library": "550e8400-e29b-41d4-a716-446655660023",
      "metric": "550e8400-e29b-41d4-a716-446655550005",
      "value": 3.0,
      "evidence": "Days since last commit",
      "collected_by": "github_crawler",
      "last_modified": "2024-01-10T10:00:00Z"
    }
  },
  {
    "model": "library_metric_values.LibraryMetricValue",
    "pk": "550e8400-e29b-41d4-a716-446655770138",
    "fields": {
      "library": "550e8400-e29b-41d4-a716-446655660023",
      "metric": "550e8400-e29b-41d4-a716-446655550006",
      "value": 88.0,
      "evidence": "Documentation quality score",
      "collected_by": "doc_analyzer",
      "last_modified": "2024-01-10T10:00:00Z"
    }
  },
  {
    "model": "library_metric_values.LibraryMetricValue",
    "pk": "550e8400-e29b-41d4-a716-446655770139",
    "fields": {
      "library": "550e8400-e29b-41d4-a716-446655660024",
      "metric": "550e8400-e29b-41d4-a716-446655550001",
      "value": 15000.0,
      "evidence": "Stars from GitHub API",
      "collected_by": "github_crawler",
      "last_modified": "2024-01-10T10:00:00Z"
    }
  },
  {
    "model": "library_metric_values.LibraryMetricValue",
    "pk": "550e8400-e29b-41d4-a716-446655770140",
    "fields": {
      "library": "550e8400-e29b-41d4-a716-446655660024",
      "metric": "550e8400-e29b-41d4-a716-446655550002",
      "value": 3800.0,
      "evidence": "Forks from GitHub API",
      "collected_by": "github_crawler",
      "last_modified": "2024-01-10T10:00:00Z"
    }
  },
  {
    "model": "library_metric_values.LibraryMetricValue",
    "pk": "550e8400-e29b-41d4-a716-446655770141",
    "fields": {
      "library": "550e8400-e29b-41d4-a716-446655660024",
      "metric": "550e8400-e29b-41d4-a716-446655550003",
      "value": 200.0,
      "evidence": "Open issues count",
      "collected_by": "github_crawler",
      "last_modified": "2024-01-10T10:00:00Z"
    }
  },
  {
    "model": "library_metric_values.LibraryMetricValue",
    "pk": "550e8400-e29b-41d4-a716-446655770142",
    "fields": {
      "library": "550e8400-e29b-41d4-a716-446655660024",
      "metric": "550e8400-e29b-41d4-a716-446655550004",
      "value": 82.0,
      "evidence": "Code coverage from CI/CD",
      "collected_by": "ci_analyzer",
      "last_modified": "2024-01-10T10:00:00Z"
    }
  },
  {
    "model": "library_metric_values.LibraryMetricValue",
    "pk": "550e8400-e29b-41d4-a716-446655770143",
    "fields": {
      "library": "550e8400-e29b-41d4-a716-446655660024",
      "metric": "550e8400-e29b-41d4-a716-446655550005",
      "value": 8.0,
      "evidence": "Days since last commit",
      "collected_by": "github_crawler",
      "last_modified": "2024-01-10T10:00:00Z"
    }
  },
  {
    "model": "library_metric_values.LibraryMetricValue",
    "pk": "550e8400-e29b-41d4-a716-446655770144",
    "fields": {
      "library": "550e8400-e29b-41d4-a716-446655660024",
      "metric": "550e8400-e29b-41d4-a716-446655550006",
      "value": 85.0,
      "evidence": "Documentation quality score",
      "collected_by": "doc_analyzer",
      "last_modified": "2024-01-10T10:00:00Z"
    }
  }
]
